<?xml version="1.0" encoding="utf-8"?>
<BindingInfo xmlns:xsi="http://www.w3.org/2001/XMLSchema-instance" xmlns:xsd="http://www.w3.org/2001/XMLSchema" Assembly="Microsoft.BizTalk.Deployment, Version=3.0.1.0, Culture=neutral, PublicKeyToken=31bf3856ad364e35" Version="3.5.1.0" BindingStatus="FullyBound" BoundEndpoints="2" TotalEndpoints="2">
  <Timestamp>2008-01-23T21:37:25.7103136-06:00</Timestamp>
  <ModuleRefCollection>
    <ModuleRef Name="[Application:BtsAutomatedBuildSample]" Version="" Culture="" PublicKeyToken="" FullName="[Application:BtsAutomatedBuildSample], Version=, Culture=, PublicKeyToken=">
      <Services />
      <TrackedSchemas>
        <Schema FullName="BtsAutomatedBuildSampleSchemas.Outbound" AssemblyQualifiedName="BtsAutomatedBuildSampleSchemas.Outbound,BtsAutomatedBuildSampleSchemas, Version=1.0.0.0, Culture=neutral, PublicKeyToken=c174243f5c7a4f38" AlwaysTrackAllProperties="false" Description="">
          <TrackedPropertyNames />
        </Schema>
        <Schema FullName="BtsAutomatedBuildSampleSchemas.Inbound" AssemblyQualifiedName="BtsAutomatedBuildSampleSchemas.Inbound,BtsAutomatedBuildSampleSchemas, Version=1.0.0.0, Culture=neutral, PublicKeyToken=c174243f5c7a4f38" AlwaysTrackAllProperties="false" Description="">
          <TrackedPropertyNames />
        </Schema>
        <Schema FullName="BtsAutomatedBuildSampleSchemas.Canonical" AssemblyQualifiedName="BtsAutomatedBuildSampleSchemas.Canonical,BtsAutomatedBuildSampleSchemas, Version=1.0.0.0, Culture=neutral, PublicKeyToken=c174243f5c7a4f38" AlwaysTrackAllProperties="false" Description="">
          <TrackedPropertyNames />
        </Schema>
      </TrackedSchemas>
    </ModuleRef>
    <ModuleRef Name="BtsAutomatedBuildSampleSchemas" Version="1.0.0.0" Culture="neutral" PublicKeyToken="c174243f5c7a4f38" FullName="BtsAutomatedBuildSampleSchemas, Version=1.0.0.0, Culture=neutral, PublicKeyToken=c174243f5c7a4f38">
      <Services />
      <TrackedSchemas />
    </ModuleRef>
    <ModuleRef Name="BtsAutomatedBuildSampleMaps" Version="1.0.0.0" Culture="neutral" PublicKeyToken="c174243f5c7a4f38" FullName="BtsAutomatedBuildSampleMaps, Version=1.0.0.0, Culture=neutral, PublicKeyToken=c174243f5c7a4f38">
      <Services />
      <TrackedSchemas />
    </ModuleRef>
    <ModuleRef Name="BtsAutomatedBuildSamplePipelines" Version="1.0.0.0" Culture="neutral" PublicKeyToken="c174243f5c7a4f38" FullName="BtsAutomatedBuildSamplePipelines, Version=1.0.0.0, Culture=neutral, PublicKeyToken=c174243f5c7a4f38">
      <Services />
      <TrackedSchemas />
    </ModuleRef>
    <ModuleRef Name="BtsAutomatedBuildSampleOrchestrations" Version="1.0.0.0" Culture="neutral" PublicKeyToken="c174243f5c7a4f38" FullName="BtsAutomatedBuildSampleOrchestrations, Version=1.0.0.0, Culture=neutral, PublicKeyToken=c174243f5c7a4f38">
      <Services>
        <Service Name="BtsAutomatedBuildSampleOrchestrations.Process" State="Started" TrackingOption="ServiceStartEnd MessageSendReceive OrchestrationEvents">
          <Ports>
            <Port Name="ReceiveCanonicalPort" Modifier="2" BindingOption="1">
              <SendPortRef xsi:nil="true" />
              <DistributionListRef xsi:nil="true" />
              <ReceivePortRef Name="Process_Inbound" />
            </Port>
            <Port Name="SendCanonicalPort" Modifier="1" BindingOption="1">
              <SendPortRef Name="Process_Outbound_File" />
              <DistributionListRef xsi:nil="true" />
              <ReceivePortRef xsi:nil="true" />
            </Port>
          </Ports>
          <Roles />
          <Host Name="BizTalkServerApplication" NTGroupName="BizTalk Application Users" Type="1" Trusted="false" />
        </Service>
      </Services>
      <TrackedSchemas />
    </ModuleRef>
  </ModuleRefCollection>
  <SendPortCollection>
    <SendPort Name="Process_Outbound_File" IsStatic="true" IsTwoWay="false" BindingOption="1">
      <Description xsi:nil="true" />
      <TransmitPipeline Name="Microsoft.BizTalk.DefaultPipelines.PassThruTransmit" FullyQualifiedName="Microsoft.BizTalk.DefaultPipelines.PassThruTransmit, Microsoft.BizTalk.DefaultPipelines, Version=3.0.1.0, Culture=neutral, PublicKeyToken=31bf3856ad364e35" Type="2" TrackingOption="ServiceStartEnd MessageSendReceive PipelineEvents" Description="" />
      <PrimaryTransport>
        <Address>G:\BtsAutomatedBuildSample\Outbound\%MessageID%.xml</Address>
        <TransportType Name="FILE" Capabilities="11" ConfigurationClsid="5e49e3a6-b4fc-4077-b44c-22f34a242fdb" />
        <TransportTypeData>&lt;CustomProps&gt;&lt;UseTempFileOnWrite vt="11"&gt;0&lt;/UseTempFileOnWrite&gt;&lt;CopyMode vt="19"&gt;1&lt;/CopyMode&gt;&lt;FileName vt="8"&gt;%MessageID%.xml&lt;/FileName&gt;&lt;AllowCacheOnWrite vt="11"&gt;0&lt;/AllowCacheOnWrite&gt;&lt;/CustomProps&gt;</TransportTypeData>
        <RetryCount>3</RetryCount>
        <RetryInterval>5</RetryInterval>
        <ServiceWindowEnabled>false</ServiceWindowEnabled>
        <FromTime>2000-01-01T06:00:00</FromTime>
        <ToTime>2000-01-01T05:59:59</ToTime>
        <Primary>true</Primary>
        <OrderedDelivery>false</OrderedDelivery>
        <DeliveryNotification>1</DeliveryNotification>
        <SendHandler Name="BizTalkServerApplication" HostTrusted="false">
          <TransportType Name="FILE" Capabilities="11" ConfigurationClsid="5e49e3a6-b4fc-4077-b44c-22f34a242fdb" />
        </SendHandler>
      </PrimaryTransport>
      <SecondaryTransport>
        <Address />
        <RetryCount>3</RetryCount>
        <RetryInterval>5</RetryInterval>
        <ServiceWindowEnabled>false</ServiceWindowEnabled>
        <FromTime>2000-01-01T06:00:00</FromTime>
        <ToTime>2000-01-01T05:59:59</ToTime>
        <Primary>false</Primary>
        <OrderedDelivery>false</OrderedDelivery>
        <DeliveryNotification>1</DeliveryNotification>
        <SendHandler xsi:nil="true" />
      </SecondaryTransport>
      <ReceivePipelineData xsi:nil="true" />
      <Tracking>0</Tracking>
      <Filter />
      <Transforms>
        <Transform FullName="BtsAutomatedBuildSampleMaps.CanonicalToOutbound" AssemblyQualifiedName="BtsAutomatedBuildSampleMaps.CanonicalToOutbound,BtsAutomatedBuildSampleMaps, Version=1.0.0.0, Culture=neutral, PublicKeyToken=c174243f5c7a4f38" />
      </Transforms>
      <OrderedDelivery>false</OrderedDelivery>
      <Priority>5</Priority>
      <StopSendingOnFailure>false</StopSendingOnFailure>
      <RouteFailedMessage>false</RouteFailedMessage>
      <ApplicationName>BtsAutomatedBuildSample</ApplicationName>
    </SendPort>
  </SendPortCollection>
  <DistributionListCollection />
  <ReceivePortCollection>
    <ReceivePort Name="Process_Inbound" IsTwoWay="false" BindingOption="1">
      <Description xsi:nil="true" />
      <ReceiveLocations>
        <ReceiveLocation Name="Process_Inbound_File">
          <Description xsi:nil="true" />
          <Address>G:\BtsAutomatedBuildSample\Inbound\*.xml</Address>
          <PublicAddress />
          <Primary>true</Primary>
          <ReceiveLocationServiceWindowEnabled>false</ReceiveLocationServiceWindowEnabled>
          <ReceiveLocationFromTime>2000-01-01T06:00:00</ReceiveLocationFromTime>
          <ReceiveLocationToTime>2000-01-01T05:59:59</ReceiveLocationToTime>
          <ReceiveLocationStartDateEnabled>false</ReceiveLocationStartDateEnabled>
          <ReceiveLocationStartDate>2008-01-22T00:00:00</ReceiveLocationStartDate>
          <ReceiveLocationEndDateEnabled>false</ReceiveLocationEndDateEnabled>
          <ReceiveLocationEndDate>2008-01-23T23:59:59</ReceiveLocationEndDate>
          <ReceiveLocationTransportType Name="FILE" Capabilities="11" ConfigurationClsid="5e49e3a6-b4fc-4077-b44c-22f34a242fdb" />
          <ReceiveLocationTransportTypeData>&lt;CustomProps&gt;&lt;RemoveReceivedFileRetryCount vt="19"&gt;5&lt;/RemoveReceivedFileRetryCount&gt;&lt;RemoveReceivedFileMaxInterval vt="19"&gt;300000&lt;/RemoveReceivedFileMaxInterval&gt;&lt;FileMask vt="8"&gt;*.xml&lt;/FileMask&gt;&lt;BatchSizeInBytes vt="19"&gt;102400&lt;/BatchSizeInBytes&gt;&lt;PollingInterval vt="19"&gt;60000&lt;/PollingInterval&gt;&lt;BatchSize vt="19"&gt;20&lt;/BatchSize&gt;&lt;FileNetFailRetryInt vt="19"&gt;5&lt;/FileNetFailRetryInt&gt;&lt;RemoveReceivedFileDelay vt="19"&gt;10&lt;/RemoveReceivedFileDelay&gt;&lt;RenameReceivedFiles vt="11"&gt;0&lt;/RenameReceivedFiles&gt;&lt;FileNetFailRetryCount vt="19"&gt;5&lt;/FileNetFailRetryCount&gt;&lt;/CustomProps&gt;</ReceiveLocationTransportTypeData>
          <ReceivePipeline Name="BtsAutomatedBuildSamplePipelines.CustomInboundPipeline" FullyQualifiedName="BtsAutomatedBuildSamplePipelines.CustomInboundPipeline, BtsAutomatedBuildSamplePipelines, Version=1.0.0.0, Culture=neutral, PublicKeyToken=c174243f5c7a4f38" Type="1" TrackingOption="ServiceStartEnd MessageSendReceive PipelineEvents" Description="" />
          <ReceivePipelineData xsi:nil="true" />
          <SendPipeline xsi:nil="true" />
          <SendPipelineData xsi:nil="true" />
          <Enable>true</Enable>
          <ReceiveHandler Name="BizTalkServerApplication" HostTrusted="false">
            <TransportType Name="FILE" Capabilities="11" ConfigurationClsid="5e49e3a6-b4fc-4077-b44c-22f34a242fdb" />
          </ReceiveHandler>
        </ReceiveLocation>
      </ReceiveLocations>
      <SendPipelineData xsi:nil="true" />
      <Authentication>0</Authentication>
      <Tracking>0</Tracking>
      <Transforms>
        <Transform FullName="BtsAutomatedBuildSampleMaps.InboundToCanonical" AssemblyQualifiedName="BtsAutomatedBuildSampleMaps.InboundToCanonical,BtsAutomatedBuildSampleMaps, Version=1.0.0.0, Culture=neutral, PublicKeyToken=c174243f5c7a4f38" />
      </Transforms>
      <RouteFailedMessage>false</RouteFailedMessage>
      <ApplicationName>BtsAutomatedBuildSample</ApplicationName>
    </ReceivePort>
  </ReceivePortCollection>
  <PartyCollection />
</BindingInfo>