﻿<?xml version="1.0" encoding="utf-8" ?>
<system.serviceModel>
  <client>
    <endpoint binding="hotelBinding" contract="IMetadataExchange"
      name="hotel" />
  </client>
  <extensions>
    <bindingElementExtensions>
      <add name="HotelAdapter" 
           type="HotelApp.HotelAdapter.HotelAdapterBindingElementExtension,
            HotelApp.HotelAdapter.HotelAdapter,Version=1.0.0.0, 
            Culture=neutral, PublicKeyToken=XXXXXXXXXXXXX" />
    </bindingElementExtensions>
    <bindingExtensions>
      <add name="hotelBinding" 
           type="HotelApp.HotelAdapter.HotelAdapterBindingCollectionElement,
           HotelApp.HotelAdapter.HotelAdapter,Version=1.0.0.0, 
           Culture=neutral, PublicKeyToken=XXXXXXXXXXXXXX" />/>
    </bindingExtensions>
  </extensions>
</system.serviceModel>
