<?xml version="1.0" encoding="utf-8"?>
<BindingInfo xmlns:xsi="http://www.w3.org/2001/XMLSchema-instance" xmlns:xsd="http://www.w3.org/2001/XMLSchema" Assembly="Microsoft.BizTalk.Deployment, Version=3.0.1.0, Culture=neutral, PublicKeyToken=31bf3856ad364e35" Version="3.5.1.0" BindingStatus="NoBindings" BoundEndpoints="0" TotalEndpoints="0">
  <Timestamp>2006-10-15T00:31:24.2756176-04:00</Timestamp>
  <ModuleRefCollection>
    <ModuleRef Name="[Application:BizTalk.Sample.ExceptionMgmt]" Version="" Culture="" PublicKeyToken="" FullName="[Application:BizTalk.Sample.ExceptionMgmt], Version=, Culture=, PublicKeyToken=">
      <Services />
      <TrackedSchemas>
        <Schema FullName="Msft.Samples.BizTalk.Exception.Schemas.System_Properties" AssemblyQualifiedName="Msft.Samples.BizTalk.Exception.Schemas.System_Properties,Msft.Samples.BizTalk.Exception.Schemas, Version=1.0.0.0, Culture=neutral, PublicKeyToken=43be7da3595d7f5e" AlwaysTrackAllProperties="false">
          <TrackedPropertyNames />
        </Schema>
        <Schema FullName="Msft.Samples.BizTalk.Exception.Schemas.FaultMessage" AssemblyQualifiedName="Msft.Samples.BizTalk.Exception.Schemas.FaultMessage,Msft.Samples.BizTalk.Exception.Schemas, Version=1.0.0.0, Culture=neutral, PublicKeyToken=43be7da3595d7f5e" AlwaysTrackAllProperties="false">
          <TrackedPropertyNames />
        </Schema>
      </TrackedSchemas>
    </ModuleRef>
    <ModuleRef Name="Msft.Samples.BizTalk.Exception.Schemas" Version="1.0.0.0" Culture="neutral" PublicKeyToken="43be7da3595d7f5e" FullName="Msft.Samples.BizTalk.Exception.Schemas, Version=1.0.0.0, Culture=neutral, PublicKeyToken=43be7da3595d7f5e">
      <Services />
      <TrackedSchemas />
    </ModuleRef>
  </ModuleRefCollection>
  <SendPortCollection />
  <DistributionListCollection />
  <ReceivePortCollection />
  <PartyCollection />
</BindingInfo>